Producto,Ruta esperada en GitHub Pages,Instrucción
Carga Rápida - 65W - 3M,assets/products/f0ba1afd9f0e445fd925.webp,Subir foto con este nombre a assets/products/ o reemplazar Imagen desde el panel
Adaptador de Jack 3.0 a Tipo C,assets/products/ea580150a0a01d498b87.webp,Subir foto con este nombre a assets/products/ o reemplazar Imagen desde el panel
Mouse Stars Wars Darth Vader,assets/products/24c206b8d095c5c97b7a.webp,Subir foto con este nombre a assets/products/ o reemplazar Imagen desde el panel
Soporte para Tablet,assets/products/594001d4fdad3b649d99.webp,Subir foto con este nombre a assets/products/ o reemplazar Imagen desde el panel
Adaptador de C a Iphone,assets/products/f28cfd3b0533db5d35e7.webp,Subir foto con este nombre a assets/products/ o reemplazar Imagen desde el panel
Exfoliante para el Cuerpo y Cara,assets/products/b027c5c40082c4b50ec2.webp,Subir foto con este nombre a assets/products/ o reemplazar Imagen desde el panel
Cargador Iphone 25W - USB C a Lightning,assets/products/e479ab1950f7dd6b2b23.webp,Subir foto con este nombre a assets/products/ o reemplazar Imagen desde el panel
Parlante Bluetooth Magnetico G200 con Luces LED 5W,assets/products/3a0f28a6f73ed4ca97b9.webp,Subir foto con este nombre a assets/products/ o reemplazar Imagen desde el panel
Canasta De Ropa Sucias Plegables,assets/products/eeac4929f3efa69373fc.webp,Subir foto con este nombre a assets/products/ o reemplazar Imagen desde el panel
Limpiador de Zapatos Blancos,assets/products/bea8d8e27f7ec4bca90a.webp,Subir foto con este nombre a assets/products/ o reemplazar Imagen desde el panel
Carga Rápida - 65W - 1.8M,assets/products/30ad25482c780b0a7435.webp,Subir foto con este nombre a assets/products/ o reemplazar Imagen desde el panel
Dedales V1 - Fibra de Carbón (copia),assets/products/1f51c068585ac686602b.webp,Subir foto con este nombre a assets/products/ o reemplazar Imagen desde el panel
Dedales V1 - Fibra de Carbón,assets/products/1f51c068585ac686602b.webp,Subir foto con este nombre a assets/products/ o reemplazar Imagen desde el panel
Dedales V2 - Fibra de Carbón,assets/products/d97c9cb612954f057bac.webp,Subir foto con este nombre a assets/products/ o reemplazar Imagen desde el panel
Dedales Gamer Pro Hilo de Plata para Celular,assets/products/74568e0b274f5f03a7e2.webp,Subir foto con este nombre a assets/products/ o reemplazar Imagen desde el panel
Gatillos Gamer Pro / Triggers Pro para celular,assets/products/55234b3de0691a3e6148.webp,Subir foto con este nombre a assets/products/ o reemplazar Imagen desde el panel
Guantes Hilo de Plata – Marca Memo,assets/products/0c0c57266586c3cd7416.webp,Subir foto con este nombre a assets/products/ o reemplazar Imagen desde el panel
Enfriador Memo CX15 PRO | Cooler Magnético para Celular,assets/products/d5a0a2b25c4f7a6cf647.webp,Subir foto con este nombre a assets/products/ o reemplazar Imagen desde el panel
Audifonos QKZ,assets/products/602284761134bd65b3cf.webp,Subir foto con este nombre a assets/products/ o reemplazar Imagen desde el panel
Adaptador MicroSD – USB 2.0,assets/products/9f75a90ea43cf07bf1e3.webp,Subir foto con este nombre a assets/products/ o reemplazar Imagen desde el panel
Termo Stanley Rosado,assets/products/aba5040c5d5e7fe8d337.webp,Subir foto con este nombre a assets/products/ o reemplazar Imagen desde el panel
Tira de Esponja para Puertas y Ventanas 70cm Anti Polvo e Insectos,assets/products/b58401b6287004fe009f.webp,Subir foto con este nombre a assets/products/ o reemplazar Imagen desde el panel
Cosmetiquera con Espejo LED | 3 tipos de luz (Natural/Fría/Cálida),assets/products/691278f8c5593ce8a815.webp,Subir foto con este nombre a assets/products/ o reemplazar Imagen desde el panel
Pastillas de limpieza efervescentes para lavadoras,assets/products/21bfc6bfa057e267f357.webp,Subir foto con este nombre a assets/products/ o reemplazar Imagen desde el panel
Cable Tipo V8 2M,assets/products/e1942fcc97e8d7bfd1f5.webp,Subir foto con este nombre a assets/products/ o reemplazar Imagen desde el panel
Picador de Verduras,assets/products/ef51c2f2d4803f05c96a.webp,Subir foto con este nombre a assets/products/ o reemplazar Imagen desde el panel
Hervidor de Agua,assets/products/fbeda7783d07822643ba.webp,Subir foto con este nombre a assets/products/ o reemplazar Imagen desde el panel
Pulidor de Faro para Carro,assets/products/862d2819c844d20eab17.webp,Subir foto con este nombre a assets/products/ o reemplazar Imagen desde el panel
Adaptador Lightning (Carga y Jack),assets/products/6935d2a0e2bc41930239.webp,Subir foto con este nombre a assets/products/ o reemplazar Imagen desde el panel
